Ad Group,URL
SÃO PAULO - SÃO PAULO CARDEAL,https://coroafloressaopaulo.com.br/cemiterio-sao-paulo
SÃO PAULO - CONSOLAÇÃO,https://coroafloressaopaulo.com.br/cemiterio-da-consolacao-sao-paulo
SÃO PAULO - FREGUESIA DO Ó,https://coroafloressaopaulo.com.br/cemiterio-freguesia-o
SÃO PAULO - ARAÇÁ,https://coroafloressaopaulo.com.br/cemiterio-araca
SÃO PAULO - PROTESTANTES,https://coroafloressaopaulo.com.br/protestantes
SÃO PAULO - SANTO AMARO,https://coroafloressaopaulo.com.br/cemiterio-santo-amaro
SÃO PAULO - DOM BOSCO,https://coroafloressaopaulo.com.br/cemiterio-dom-bosco
SÃO PAULO - CONGONHAS,https://coroafloressaopaulo.com.br/cemiterio-congonhas
SÃO PAULO - QUARTA PARADA,https://coroafloressaopaulo.com.br/cemiterio-quarta-parada
SÃO PAULO - CHORA MENINO,https://coroafloressaopaulo.com.br/cemiterio-santana-chora-menino
SÃO PAULO - PARQUE CANTAREIRA,https://coroafloressaopaulo.com.br/cemiterio-parque-cantareira
SÃO PAULO - VILA FORMOSA,https://coroafloressaopaulo.com.br/vila-formosa
SÃO PAULO - SAUDADE,https://coroafloressaopaulo.com.br/cemiterio-saudade-sao-miguel-paulista
SÃO PAULO - JARDIM DO PESSEGO,https://coroafloressaopaulo.com.br/cemiterio-jardim-pessego
SÃO PAULO - CARMO,https://coroafloressaopaulo.com.br/veneravel-ordem-terceira-carmo
SÃO PAULO - LAPA,https://coroafloressaopaulo.com.br/cemiterio-lapa
SÃO PAULO - CERIMONIAL PACAEMBU,https://coroafloressaopaulo.com.br/cerimonial-pacaembu
SÃO PAULO - FUNERAL MORUMBI,https://coroafloressaopaulo.com.br/funeral-home
SÃO PAULO - VELÓRIO JARDIM AVELINO,https://coroafloressaopaulo.com.br/velorio-jardim-avelino
SÃO PAULO - GETHSEMANI MORUMBI,https://coroafloressaopaulo.com.br/cemiterio-gethsemani-morumbi
SÃO PAULO - PARQUE-JARAGUÁ,https://coroafloressaopaulo.com.br/cemiterio-memorial-parque-jaragua
SÃO PAULO - ISRAELITA,https://coroafloressaopaulo.com.br/cemiterio-israelita-butanta
SÃO PAULO - TREMEMBÉ,https://coroafloressaopaulo.com.br/cemiterio-tremembe
SÃO PAULO - CAMPO GRANDE,https://coroafloressaopaulo.com.br/cemiterio-campo-grande
SÃO PAULO - VILA ALPINA (SÃO PEDRO),https://coroafloressaopaulo.com.br/sao-pedro-vila-alpina
SÃO PAULO - DINAMICO,
SÃO PAULO - VELÓRIO SALETE,https://coroafloressaopaulo.com.br/velorio-salete
SÃO PAULO - VELÓRIO PRAXIS,https://coroafloressaopaulo.com.br/velorio-praxis
SÃO PAULO - GETHSEMANI ANHANGUERA,https://coroafloressaopaulo.com.br/cemiterio-gethsemani-anhanguera
DINAMICO,
SÃO PAULO - GIRASSÓIS - SP,https://coroafloressaopaulo.com.br/cemiterio-parque-girassois-parelheiros
SÃO PAULO - DA PAZ - SP,https://coroafloressaopaulo.com.br/cemiterio-paz-vila-sonia
SÃO PAULO - MORUMBY,https://coroafloressaopaulo.com.br/cemiterio-parque-morumby
SÃO PAULO - SÃO LUIZ,https://coroafloressaopaulo.com.br/cemiterio-sao-luiz
SÃO PAULO - VILA MARIANA,https://coroafloressaopaulo.com.br/israelita-vila-mariana
SÃO PAULO - CACHOEIRINHA,https://coroafloressaopaulo.com.br/cemiterio-vila-nova-cachoeirinha
SÃO PAULO - PARQUE DOS PINHEIROS,https://coroafloressaopaulo.com.br/cemiterio-parque-pinheiros
SÃO PAULO - ITAQUERA,https://coroafloressaopaulo.com.br/cemiterio-vila-carmosina-itaquera
SÃO PAULO - PARQUE CEREJEIRAS,https://coroafloressaopaulo.com.br/cemiterio-memorial-parque-cerejeiras
SÃO PAULO - LAJEADO,https://coroafloressaopaulo.com.br/cemiterio-de-lajeado
SÃO PAULO - FUNERAL HOME,https://coroafloressaopaulo.com.br/funeral-home
SUZANO - COLINA DOS IPÊS,https://coroafloressaopaulo.com.br/cemiterio-colina-dos-ipes
SUZANO - SÃO SEBASTIÃO,https://coroafloressaopaulo.com.br/cemiterio-sao-sebastiao
GUARULHOS - BONSUCESSO,https://coroafloressaopaulo.com.br/nossa-senhora-bonsucesso
GUARULHOS - PICANÇO,https://coroafloressaopaulo.com.br/sao-judas-tadeu-picanco
SAUDADE,https://coroafloressaopaulo.com.br/sao-paulo
VARGEM GRANDE - BOSQUE DA PAZ,https://coroafloressaopaulo.com.br/cemiterio-bosque-da-paz
SANTANA DE PARNAIBA - PARQUE DAS GARÇAS,https://coroafloressaopaulo.com.br/cemiterio-parque-das-garcas
SANTANA DE PARNAIBA - SÃO MIGUEL,https://coroafloressaopaulo.com.br/cemiterio-sao-miguel
CARAPICUIBA - ARISTON,https://coroafloressaopaulo.com.br/cemiterio-ariston
JANDIRA - JANDIRA,https://coroafloressaopaulo.com.br/cemiterio-jandira
EMBU DAS ARTES - ISRAELITA,https://coroafloressaopaulo.com.br/cemiterio-israelita-embu-das-artes
EMBU DAS ARTES - JARDIM DA PAZ,https://coroafloressaopaulo.com.br/cemiterio-jardim-da-paz
ITAPECERICA - PARQUE DOS IPÊS,https://coroafloressaopaulo.com.br/cemiterio-parque-dos-ipes-itapecerica
ITAPECERICA - HORTO DA PAZ,https://coroafloressaopaulo.com.br/cemiterio-horto-da-paz
OSASCO - PARQUE DOS GIRASSÓIS,https://coroafloressaopaulo.com.br/parque-girassois
FRANCO DA ROCHA - VALLE DAS COLINAS,https://coroafloressaopaulo.com.br/cemiterio-valle-das-colinas
MOGI DAS CRUZES - SÃO SALVADOR,https://coroafloressaopaulo.com.br/cemiterio-sao-salvador
MOGI DAS CRUZES - PARQUE DAS OLIVEIRAS,https://coroafloressaopaulo.com.br/cemiterio-parque-das-oliveiras
OSASCO - VELÓRIO HELENA MARIA,https://coroafloressaopaulo.com.br/helena-maria
ITAPECERICA - RECANTO DO SILENCIO,https://coroafloressaopaulo.com.br/cemiterio-recanto-do-silencio
FERRAZ - SAUDADE,https://coroafloressaopaulo.com.br/cemiterio-saudade
JANDIRA - SANTA CATARINA (CREM.),https://coroafloressaopaulo.com.br/crematorio-santa-catarina
FRANCISCO MORATO - MEMORIAL JARDIM DAS CASCATAS,https://coroafloressaopaulo.com.br/memorial-jardim-das-cascatas
FERRAZ - PARQUE DAS PALMEIRAS,https://coroafloressaopaulo.com.br/cemiterio-parque-das-palmeiras
FERRAZ - PARQUE DO CAMBIRI,https://coroafloressaopaulo.com.br/cemiterio-parque-do-cambiri
GUARULHOS - PRIMAVERAS,https://coroafloressaopaulo.com.br/primaveras
GUARULHOS - MEMORIAL VERTICAL,https://coroafloressaopaulo.com.br/vertical-memorial-guarulhos-grupo-zelo
COTIA - JD DAS FLORES,https://coroafloressaopaulo.com.br/cemiterio-jardim-das-flores
BARUERI - ALVARO QUINTERO,https://coroafloressaopaulo.com.br/municipal-alvaro-quinteiro
TABOÃO DA SERRA - VALE DOS REIS,https://coroafloressaopaulo.com.br/valle-reis
CAJAMAR - NOVA CAJAMAR,https://coroafloressaopaulo.com.br/cemiterio-nova-cajamar
DINAMICO,
CARAPICUIBA - FUNERÁRIA SOUZA,https://coroafloressaopaulo.com.br/funeraria-souza
CARAPICUIBA - FUNERÁRIA SÃO PAULO,https://coroafloressaopaulo.com.br/funeraria-sao-paulo
ITAPEVI - MEMORIAL PARQUE ITAPEVI,https://coroafloressaopaulo.com.br/memorial-parque-itapevi
ITAPEVI - MUNICIPAL,https://coroafloressaopaulo.com.br/cemiterio-municipal-itapevi
ITAPEVI - VELÓRIO MUNICIPAL,https://coroafloressaopaulo.com.br/velorio-municipal-itapevi
COTIA - NOVO MARANHÃO,https://coroafloressaopaulo.com.br/cemiterio-novo-maranhao
SUZANO - SÃO JOÃO BATISTA,https://coroafloressaopaulo.com.br/cemiterio-sao-joao-batista-suzano
SUZANO - MEMORIAL ALTO TIETE,https://coroafloressaopaulo.com.br/memorial-alto-tiete
SUZANO - VELÓRIO MUNICIPAL,https://coroafloressaopaulo.com.br/velorio-municipal-suzano
SANTANA DE PARNAIBA - MEMORIAL JARDIM DA VIDA (CREM.),https://coroafloressaopaulo.com.br/crematorio-memorial-jardim-da-vida
FRANCO DA ROCHA - PAIXÃO,https://coroafloressaopaulo.com.br/cemiterio-paixao
FRANCISCO MORATO - MORATENSE,https://coroafloressaopaulo.com.br/cemiterio-moratense
GUARULHOS - VILA RIO,https://coroafloressaopaulo.com.br/cemiterio-vila-rio
JANDIRA - ALPHACAMPUS,https://coroafloressaopaulo.com.br/cemiterio-alphacampus
OSASCO - BELA VISTA,https://coroafloressaopaulo.com.br/municipal-bela-vista
OSASCO - SANTO ANTONIO,https://coroafloressaopaulo.com.br/municipal-santo-antonio
MUNICIPAL,https://coroafloressaopaulo.com.br/sao-paulo
EMBU DAS ARTES - MEMORIAL PQ PAULISTA,https://coroafloressaopaulo.com.br/memorial-parque-paulista-embu-das-artes
COTIA - PARQUE DAS FLORES,https://coroafloressaopaulo.com.br/cemiterio-parque-das-flores
GUARULHOS - COLINA DOS IPÊS,https://coroafloressaopaulo.com.br/grupo-colina---colina-ipes---unidade-guarulhos
OSASCO - VELÓRIO ALPHA AMARE,https://coroafloressaopaulo.com.br/alpha-amare
EMBU DAS ARTES - JESUÍTAS,https://coroafloressaopaulo.com.br/cemiterio-jesuitas
RIO DE JANEIRO - SÃO JOÃO BATISTA,https://coroafloresriodejaneiro.com.br/cemiterio-de-sao-joao-batista
RIO DE JANEIRO - INGLESES,https://coroafloresriodejaneiro.com.br/cemiterio-dos-ingleses
RIO DE JANEIRO - MEMORIAL DO RIO,https://coroafloresriodejaneiro.com.br/memorial-do-rio
RIO DE JANEIRO - MURUNDU,https://coroafloresriodejaneiro.com.br/cemiterio-murundu
RIO DE JANEIRO - PENITENCIA,https://coroafloresriodejaneiro.com.br/crematorio-e-cemiterio-vertical-da-penitencia
RIO DE JANEIRO - PAQUETÁ,https://coroafloresriodejaneiro.com.br/cemiterio-paqueta
RIO DE JANEIRO - NILÓPOLIS,https://coroafloresriodejaneiro.com.br/cemiterio-nilopolis
RIO DE JANEIRO - QUEIMADOS,https://coroafloresriodejaneiro.com.br/cemiterio-queimados
RIO DE JANEIRO - SÃO GONÇALO,https://coroafloresriodejaneiro.com.br/cemiterio-sao-goncalo
RIO DE JANEIRO - CAJU (S. FRANCISCO XAVIER),https://coroafloresriodejaneiro.com.br/cemiterio-de-sao-francisco-xavier-cemiterio-do-caju
RIO DE JANEIRO - COMUNAL ISRAELITA (AMPLIAÇÃO),https://coroafloresriodejaneiro.com.br/cemiterio-comunal-israelita
RIO DE JANEIRO - SANTA CRUZ,https://coroafloresriodejaneiro.com.br/cemiterio-de-santa-cruz
RIO DE JANEIRO - IRAJÁ,https://coroafloresriodejaneiro.com.br/cemiterio-de-iraja
RIO DE JANEIRO - JARDIM DA SAUDADE (SULACAP),https://coroafloresriodejaneiro.com.br/crematorio-e-cemiterio-jardim-da-saudade-sulacap
RIO DE JANEIRO - JARDIM DE MESQUITA,https://coroafloresriodejaneiro.com.br/crematorio-e-cemiterio-jardim-da-saudade-sulacap
RIO DE JANEIRO - VILA ROSALI,https://coroafloresriodejaneiro.com.br/cemiterio-necropole-do-campo-santo-vila-rio
RIO DE JANEIRO - MUNICIPAL,https://coroafloresriodejaneiro.com.br/cemiterio-municipal-rio-de-janeiro
RIO DE JANEIRO - CACUIA,https://coroafloresriodejaneiro.com.br/cemiterio-da-cacuia
RIO DE JANEIRO - CAMPO GRANDE (RIO PAX),https://coroafloresriodejaneiro.com.br/cemiterio-campo-grande-rio-pax
RIO DE JANEIRO - VERTICAL (MEMORIAL DO CARMO),https://coroafloresriodejaneiro.com.br/crematorio-e-cemiterio-vertical-da-penitencia
RIO DE JANEIRO - SÃO FRANCISCO DE PAULA (CATUMBI),https://coroafloresriodejaneiro.com.br/cemiterio-de-s-francisco-de-paula-cemiterio-do-catumbi
RIO DE JANEIRO - PIABAS,https://coroafloresriodejaneiro.com.br/cemiterio-piabas
RIO DE JANEIRO - PECHINCHA,https://coroafloresriodejaneiro.com.br/cemiterio-do-pechincha
RIO DE JANEIRO - RICARDO ALBUQUERQUE,https://coroafloresriodejaneiro.com.br/cemiterio-ricardo-de-albuquerque
RIO DE JANEIRO - INHAUMA,https://coroafloresriodejaneiro.com.br/cemiterio-de-inhauma
RIO DE JANEIRO - PARQUE DA PAZ,https://coroafloresriodejaneiro.com.br/cemiterio-parque-da-paz
RIO DE JANEIRO - GUARATIBA,https://coroafloresriodejaneiro.com.br/cemiterio-de-guaratiba
RIO DE JANEIRO - EDEN (SÃO J MERITI),https://coroafloresriodejaneiro.com.br/cemiterio-eden
RIO DE JANEIRO - SÃO LAZARO,https://coroafloresriodejaneiro.com.br/cemiterio-sao-lazaro
RIO DE JANEIRO - dinâmico,
RIO DE JANEIRO - RIO DE JANEIRO,https://coroafloresriodejaneiro.com.br/
DINAMICO,
BELO HORIZONTE - PAZ,https://coroafloresbelohorizonte.com.br/cemiterio-da-paz-belo-horizonte
BELO HORIZONTE - SAUDADE,https://coroafloresbelohorizonte.com.br/cemiterio-da-saudade
BELO HORIZONTE - ISRAELITA,https://coroafloresbelohorizonte.com.br/cemiterio-israelita
BELO HORIZONTE - VELÓRIO TIROL ALTERAR URL,https://coroafloresbelohorizonte.com.br/velorio-tirol
BELO HORIZONTE - VELÓRIO METROPAX,https://coroafloresbelohorizonte.com.br/funeraria-metropax
BELO HORIZONTE,https://coroafloresbelohorizonte.com.br/belo-horizonte
BELO HORIZONTE - BARREIRO,https://coroafloresbelohorizonte.com.br/cemiterio-barreiro
BELO HORIZONTE - CERIMONIAL RAJA,https://coroafloresbelohorizonte.com.br/funeraria-e-velorio-cerimonial-raja
CONTAGEM - MEMORIAL GRUPO ZELO,https://coroafloresbelohorizonte.com.br/grupo-zelo-memorial-contagem
UBERLANDIA - FUNERÁRIA PLANO PIRAMIDE,https://coroafloresbelohorizonte.com.br/funeraria-plano-piramide
JUIZ DE FORA - MUNICIPAL,https://coroafloresbelohorizonte.com.br/cemiterio-municipal-de-juiz-de-fora
SANTA LUZIA - BELO VALE,https://coroafloresbelohorizonte.com.br/cemiterio-belo-vale
CONTAGEM - PARQUE RENASCER,https://coroafloresbelohorizonte.com.br/cemiterio-parque-renascer
BELO HORIZONTE - MEMORIAL GRUPO ZELO,https://coroafloresbelohorizonte.com.br/memorial-grupo-zelo
BELO HORIZONTE - VELÓRIO FUNERAL HOUSE,https://coroafloresbelohorizonte.com.br/funeral-house
BELO HORIZONTE - MUNICIPAL,https://coroafloresbelohorizonte.com.br/cemiterio-municipal-belo-horizonte
UBERLANDIA - FUNERÁRIA ANGELO CUNHA,https://coroafloresbelohorizonte.com.br/funeraria-angelo-cunha
UBERLANDIA - CAMPO DO BOM PASTOR,https://coroafloresbelohorizonte.com.br/cemiterio-campo-do-bom-pastor
UBERLANDIA - MUNICIPAL SÃO PEDRO,https://coroafloresbelohorizonte.com.br/cemiterio-municipal-sao-pedro
JUIZ DE FORA - PARQUE DA SAUDADE,https://coroafloresbelohorizonte.com.br/cemiterio-parque-da-saudade
JUIZ DE FORA - DA GLÓRIA,https://coroafloresbelohorizonte.com.br/cemiterio-da-gloria
ENTREGA COROA DE FLORES,https://coroafloresbelohorizonte.com.br/belo-horizonte
BELO HORIZONTE - PARQUE DA COLINA,https://coroafloresbelohorizonte.com.br/cemiterio-parque-da-colina-belo-horizonte
BELO HORIZONTE - BONFIM,https://coroafloresbelohorizonte.com.br/cemiterio-bonfim
BELO HORIZONTE - PARQUE BOSQUE DA ESPERANÇA,https://coroafloresbelohorizonte.com.br/cemiterio-parque-bosque-da-esperanca
BELO HORIZONTE - CONSOLAÇÃO,https://coroafloresbelohorizonte.com.br/cemiterio-da-consolacao
BELO HORIZONTE - VELÓRIO BARREIRO,https://coroafloresbelohorizonte.com.br/velorio-barreiro
BELO HORIZONTE - VELÓRIO SÃO SEBASTIÃO,https://coroafloresbelohorizonte.com.br/velorio-sao-sebastiao
BELO HORIZONTE - VELÓRIO ASSEMBLEIA LEGISLATIVA,https://coroafloresbelohorizonte.com.br/velorio-assembleia-legislativa
BELO HORIZONTE - VELÓRIO SANTA CASA,https://coroafloresbelohorizonte.com.br/funeraria-santa-casa-bh
UBERLANDIA - FUNERÁRIA PAZ UNIVERSAL,https://coroafloresbelohorizonte.com.br/funeraria-paz-universal
DINAMICO,
CAMPINAS - AMARAIS,https://coroafloressaopaulo.com.br/parque-nossa-senhora-amarais
CAMPINAS - PARQUE DAS ALEIAS,https://coroafloressaopaulo.com.br/cemiterio-parque-aleias
CAMPINAS - PARQUE DAS FLORES,https://coroafloressaopaulo.com.br/cemiterio-parque-flores-campinas
SAUDADE,https://coroafloressaopaulo.com.br/sao-paulo
SOROCABA - PAX,https://coroafloressaopaulo.com.br/cemiterio-pax
RIBEIRÃO PRETO - COLONIA PARAISO,https://coroafloressaopaulo.com.br/cemiterio-colonia-paraiso
SÃO JOSÉ DOS CAMPOS - PADRE RODOLFO,https://coroafloressaopaulo.com.br/cemiterio-padre-rodolfo
SÃO JOSÉ DOS CAMPOS - HORTO SÃO DIMAS,https://coroafloressaopaulo.com.br/horto-sao-dimas
PIRACICABA - PARQUE RESSUREIÇÃO,https://coroafloressaopaulo.com.br/cemiterio-parque-ressureicao
PIRACICABA - VILA REZENDE,https://coroafloressaopaulo.com.br/cemiterio-vila-rezende
RIO CLARO - EVANGELICO,https://coroafloressaopaulo.com.br/cemiterio-evangelico
JACAREI - MUNICIPAL VALE,https://coroafloressaopaulo.com.br/cemiterio-municipal-vale
JACAREI - MUNICIPAL CAMPO SAUDADE,https://coroafloressaopaulo.com.br/organizacao-campo-oliveiras
JACAREI - JARDIM DA PAZ,https://coroafloressaopaulo.com.br/cemiterio-municipal-jardim-paz
TAUBATÉ - PARQUE PAINEIRAS,https://coroafloressaopaulo.com.br/cemiterio-parque-paineiras
PRESIDENTE PRUDENTE - VELÓRIO ATHIA,https://coroafloressaopaulo.com.br/velorio-grupo-athia
SÃO CARLOS - MEMORIAL JARDIM DA PAZ,https://coroafloressaopaulo.com.br/meorial-jardim-da-paz
SÃO CARLOS - FUNERÁRIA MEMORIAL GRUPO VIDA,https://coroafloressaopaulo.com.br/funeraria-memorial-grupo-vida
SÃO CARLOS - SANTA CRUZ CERIMONIAIS,https://coroafloressaopaulo.com.br/santa-cruz-cerimoniais
LIMEIRA - MOMUMENTAL GRUPO BOM PASTOR,https://coroafloressaopaulo.com.br/grupo-bom-pastor-limeira
LIMEIRA - PARQUE,https://coroafloressaopaulo.com.br/cemiterio-parque
ARARAS - MUNICIPAL ARARAS,https://coroafloressaopaulo.com.br/cemiterio-municipal
ARARAS - CONSONI FUNERAL,https://coroafloressaopaulo.com.br/consoni-servicos-funerarios
AMERICANA - PARQUE GRAMADO,https://coroafloressaopaulo.com.br/cemiterio-parque-gramado
AMERICANA - PAX ASSISTENCIA FAMILIAR,https://coroafloressaopaulo.com.br/cemiterio-pax-assistencia-familiar
SOROCABA - CONSOLAÇÃO,https://coroafloressaopaulo.com.br/cemiterio-consolacao
SOROCABA - MUNICIPAL SANTO ANTONIO,https://coroafloressaopaulo.com.br/cemiterio-municipal-santo-antonio
SOROCABA - MUNICIPAL APARECIDINHA,https://coroafloressaopaulo.com.br/cemiterio-municipal-aparecidinha
JUNDIAI - VELÓRIO MUNICIPAL ADAMASTOR FERNANDES,https://coroafloressaopaulo.com.br/velorio-adamastor-fernandes
DINAMICO,
CAMPINAS - FLAMBOYANT,https://coroafloressaopaulo.com.br/cemiterio-parque-flamboyant
JUNDIAI - PARQUE DA PAZ,https://coroafloressaopaulo.com.br/memorial-parque-paz
JUNDIAI - NSS MONTENEGRO,https://coroafloressaopaulo.com.br/cemiterio-municipal-montenegro
RIBEIRÃO PRETO - BOM PASTOR,https://coroafloressaopaulo.com.br/cemiterio-bom-pastor
RIBEIRÃO PRETO - PARQUE DOS GIRASSOIS,https://coroafloressaopaulo.com.br/memorial-parque-girassois
RIBEIRÃO PRETO - BONFIM PAULISTA,https://coroafloressaopaulo.com.br/cemiterio-bonfim-paulista
RIBEIRÃO PRETO - VELÓRIO SAMARITANO (NICACIO PREV),https://coroafloressaopaulo.com.br/velorio-samaritano
SÃO JOSÉ DOS CAMPOS - PARQUE DAS FLORES,https://coroafloressaopaulo.com.br/cemiterio-parque-flores-sao-jose-dos-campos
SÃO JOSÉ DO RIO PRETO - SÃO JOÃO BATISTA,https://coroafloressaopaulo.com.br/cemiterio-sao-joao-batista-sao-jose-do-rio-preto
SÃO JOSÉ DO RIO PRETO - RESSUREIÇÃO,https://coroafloressaopaulo.com.br/cemiterio-ressureicao
SÃO JOSÉ DO RIO PRETO - PREVER,https://coroafloressaopaulo.com.br/capelas-prever
JACAREI - CAMPO DAS OLIVEIRAS,https://coroafloressaopaulo.com.br/organizacao-campo-oliveiras
TAUBATÉ - PARQUE COLINA DA PAZ,https://coroafloressaopaulo.com.br/cemiterio-parque-colina-da-paz
SÃO CARLOS - SANTO ANTONIO DE PADUA,https://coroafloressaopaulo.com.br/cemiterio-santo-antonio-de-padua
SÃO CARLOS - ORGANIZAÇÃO DE LUTO FERNANDES,https://coroafloressaopaulo.com.br/cemiterio-organizacao-de-luto-fernandes
LIMEIRA - SAUDADES,https://coroafloressaopaulo.com.br/cemiterio-saudades
LIMEIRA - ALEMÃES,https://coroafloressaopaulo.com.br/cemiterio-alemaes
ARARAS - VELÓRIO MUNICIPAL,https://coroafloressaopaulo.com.br/cemiterio-municipal
SUMARÉ - VELÓRIO MUNICIPAL,https://coroafloressaopaulo.com.br/cemiterio-municipal-saudade
ARTHUR NOGUEIRA - VELÓRIO MUNICIPAL,https://coroafloressaopaulo.com.br/velorio-municipal-arthur-nogueira
AMERICANA - FUNERÁRIA ALVES,https://coroafloressaopaulo.com.br/funeraria-alves
NOVA ODESSA - VELÓRIO MUNICIPAL,https://coroafloressaopaulo.com.br/municipal
HORTOLANDIA - FUNERÁRIA ALVES,https://coroafloressaopaulo.com.br/funeraria-alves-hortolandia
HORTOLANDIA - FUNERÁRIA HORTOLANDIA (GRUPO ZELO FLAMBOYANT),https://coroafloressaopaulo.com.br/funeraria-flamboyant
HORTOLANDIA - GRUPO SERRA FUNERÁRIA,https://coroafloressaopaulo.com.br/funeraria-grupo-serra-funeraria
SOROCABA - SAUDADE,https://coroafloressaopaulo.com.br/cemiterio-saudade-sorocaba
JUNDIAI - NOSSA SENHORA DESTERRO,https://coroafloressaopaulo.com.br/cemiterio-nossa-senhora-desterro
CAMPINAS - PARQUE DAS ACACIAS,https://coroafloressaopaulo.com.br/cemiterio-parque-acacias
HORTOLANDIA - PARQUE HORTOLANDIA,https://coroafloressaopaulo.com.br/funeraria-flamboyant
SOROCABA - MEMORIAL PARK,https://coroafloressaopaulo.com.br/memorial-park
CAMPINAS - SOUSAS,https://coroafloressaopaulo.com.br/cemiterio-sousas
JUNDIAI - PARQUE DOS IPÊS,https://coroafloressaopaulo.com.br/cemiterio-parque-dos-ipes
CAMPINAS - BOM PASTOR,https://coroafloressaopaulo.com.br/grupo-bom-pastor-campinas
RIBEIRÃO PRETO - VELÓRIO PAZ,https://coroafloressaopaulo.com.br/velorio-paz
SÃO JOSÉ DOS CAMPOS - PARQUE MEMORIAL BOM RETIRO,https://coroafloressaopaulo.com.br/memorial-bom-retiro
SÃO JOSÉ DOS CAMPOS - MARIA PEREGRINA (SANTANA),https://coroafloressaopaulo.com.br/cemiterio-maria-peregrina
SÃO JOSÉ DO RIO PRETO - JARDIM DA PAZ,https://coroafloressaopaulo.com.br/cemiterio-jardim-paz-sao-jose-rio-preto
PIRACICABA - UNIDAS,https://coroafloressaopaulo.com.br/funeraria-grupo-unidas
RIO CLARO - SÃO JOÃO BATISTA,https://coroafloressaopaulo.com.br/cemiterio-sao-joao-batista
RIO CLARO - PARQUE DAS PALMEIRAS,https://coroafloressaopaulo.com.br/cemiterio-parque-das-palmeiras-rio-claro
TAUBATÉ - MUNICIPAL TAUBATÉ,https://coroafloressaopaulo.com.br/cemiterio-municipal-taubate
TAUBATÉ - VENERAVEL ORDEM TERCEIRA,https://coroafloressaopaulo.com.br/veneravel-ordem-terceira-carmo
PRESIDENTE PRUDENTE - SÃO JOÃO BATISTA,https://coroafloressaopaulo.com.br/cemiterio-sao-joao-batista-presidente-prudente
PRESIDENTE PRUDENTE - CAMPAL PARQUE DA PAZ,https://coroafloressaopaulo.com.br/cemiterio-campal-parque-da-paz
PRESIDENTE PRUDENTE - VELÓRIO INTERPLAN,https://coroafloressaopaulo.com.br/velorio-interplan
PRESIDENTE PRUDENTE - VELÓRIO PRUDENTINA,https://coroafloressaopaulo.com.br/velorio-prudentina
SÃO CARLOS - NOSSA SENHORA DO CARMO,https://coroafloressaopaulo.com.br/velorio-nossa-senhora-carmo
SÃO CARLOS - SINSEF SÃO CARLOS,https://coroafloressaopaulo.com.br/sinsef
SÃO CARLOS - VELÓRIO NOSSA SENHORA DO CARMO,https://coroafloressaopaulo.com.br/velorio-nossa-senhora-carmo
ARARAS - PARQUE DOS EUCALIPTOS,https://coroafloressaopaulo.com.br/cemiterio-parque-dos-eucaliptos
SUMARÉ - MUNICIPAL SAUDADE,https://coroafloressaopaulo.com.br/cemiterio-municipal-saudade
SUMARÉ - PARQUE PRIMAVERAS,https://coroafloressaopaulo.com.br/cemiterio-parque-primaveras
SUMARÉ - FUNERÁRIA GRUPO BOM PASTOR,https://coroafloressaopaulo.com.br/funeraria-grupo-bom-pastor
AMERICANA - SAUDADE,https://coroafloressaopaulo.com.br/cemiterio-saudade-americana
NOVA ODESSA - MUNICIPAL,https://coroafloressaopaulo.com.br/municipal
HORTOLANDIA - CENTRAL FUNERÁRIA ASTER,https://coroafloressaopaulo.com.br/funeraria-central-funeraria-aster
HORTOLANDIA - CREMATÓRIO MEMORIAL,https://coroafloressaopaulo.com.br/crematorio-memorial-hortolandia
JUNDIAI - ECOLÓGICO,https://coroafloressaopaulo.com.br/cemiterio-ecologico
MAUÁ - JARDIM SANTA LIDIA,https://coroafloressaopaulo.com.br/jardim-santa-lidia
DIADEMA - VALE DA PAZ,https://coroafloressaopaulo.com.br/jardim-vale-paz-diadema
SANTO ANDRÉ - SANTO ANDRÉ,https://coroafloressaopaulo.com.br/cristo-redentor---vila-pires---santo-andresp
SÃO BERNARDO - VILA EUCLIDES,https://coroafloressaopaulo.com.br/municipal-vila-euclides
SÃO BERNARDO - JARDIM DA COLINA,https://coroafloressaopaulo.com.br/jardim-colina
SANTO ANDRÉ - PHOENIX ABC,https://coroafloressaopaulo.com.br/vertical-phoenix-memorial
SANTO ANDRÉ - CRISTO REDENTOR (VILA PIRES),https://coroafloressaopaulo.com.br/cristo-redentor---vila-pires---santo-andresp
SÃO BERNARDO - BAETA NEVES,https://coroafloressaopaulo.com.br/bairro-baeta-neves
MAUÁ - PARQUE ABC,https://coroafloressaopaulo.com.br/cemiterio-parque-abc
SÃO CAETANO - FUNERAL PLACE,https://coroafloressaopaulo.com.br/abcel-assistencia-funeral-sao-caetano-do-sul
SAUDADE,https://coroafloressaopaulo.com.br/sao-paulo
SÃO CAETANO - CERAMICA,https://coroafloressaopaulo.com.br/ceramica
DINAMICO,
SANTO ANDRÉ - CAMILOPOLIS,https://coroafloressaopaulo.com.br/camilopolis---necropole-sagrado-coracao-jesus
SÃO CAETANO - SÃO CAETANO,https://coroafloressaopaulo.com.br/grupo-zelo---unidade-sao-caetano-sul
MAUÁ - VALE DOS PINHEIRAIS,https://coroafloressaopaulo.com.br/vale-dos-pinheirais
SANTO ANDRÉ - CURUÇÁ,https://coroafloressaopaulo.com.br/nossa-senhora-carmo-curuca
SÃO BERNARDO - PAULICÉIA,https://coroafloressaopaulo.com.br/pauliceia
SÃO CAETANO - VELÓRIO OSSEL,https://coroafloressaopaulo.com.br/ossel-internacional-repatriacao-funeral
MUNICIPAL,https://coroafloressaopaulo.com.br/sao-paulo
SANTOS - AREIA BRANCA,https://coroafloressaopaulo.com.br/cemiterio-areia-branca
SANTOS - SABOÓ,https://coroafloressaopaulo.com.br/cemiterio-saboo
SANTOS - HOSPITAL SANTA CASA,https://coroafloressaopaulo.com.br/santa-casa
SANTOS - HOSPITAL BENEFICIENCIA PORTUGUESA,https://coroafloressaopaulo.com.br/santa-casa
SANTOS - MEMORIAL VERTICAL,https://coroafloressaopaulo.com.br/memorial-vertical
SANTOS - PAQUETÁ,https://coroafloressaopaulo.com.br/cemiterio-paqueta-santos
SANTOS - MEMORIAL NECROPOLE ECUMENICA (cem. e crem.),https://coroafloressaopaulo.com.br/memorial-metropole-ecumenica
SÃO VICENTE - CAMPO DA PAZ CELESTIAL,https://coroafloressaopaulo.com.br/cemiterio-campo-da-paz-celestial
SÃO VICENTE - MEMORIAL SÃO VICENTE,https://coroafloressaopaulo.com.br/memorial-sao-vicente
GUARUJA - SAUDADE,https://coroafloressaopaulo.com.br/cemiterio-saudade-guaruja
GUARUJA - JARDIM DA PAZ,https://coroafloressaopaulo.com.br/cemiterio-jardim-paz-guaruja
DINAMICO,
SÃO VICENTE - METROPOLITANO VERTICAL,https://coroafloressaopaulo.com.br/cemiterio-metropolitano-vertical
CAMPINAS - PARQUE DAS FLORES,https://coroafloressaopaulo.com.br/cemiterio-parque-flores-campinas
CAMPINAS - PARQUE DAS ACACIAS,https://coroafloressaopaulo.com.br/cemiterio-parque-acacias
CAMPINAS - BOM PASTOR,https://coroafloressaopaulo.com.br/grupo-bom-pastor-campinas
DINAMICO,
CAMPINAS - PARQUE DAS ALEIAS,https://coroafloressaopaulo.com.br/cemiterio-parque-aleias
CAMPINAS - SAUDADE,https://coroafloressaopaulo.com.br/cemiterio-saudade-campinas
CAMPINAS - AMARAIS,https://coroafloressaopaulo.com.br/parque-nossa-senhora-amarais
CAMPINAS - FLAMBOYANT,https://coroafloressaopaulo.com.br/cemiterio-parque-flamboyant
CAMPINAS - SOUSAS,https://coroafloressaopaulo.com.br/cemiterio-sousas
CONTAGEM - MEMORIAL GRUPO ZELO,https://coroafloresbelohorizonte.com.br/grupo-zelo-memorial-contagem
JUIZ DE FORA - MUNICIPAL,https://coroafloresbelohorizonte.com.br/cemiterio-municipal-de-juiz-de-fora
SANTA LUZIA - BELO VALE,https://coroafloresbelohorizonte.com.br/cemiterio-belo-vale
CONTAGEM - PARQUE RENASCER,https://coroafloresbelohorizonte.com.br/cemiterio-parque-renascer
JUIZ DE FORA - PARQUE DA SAUDADE,https://coroafloresbelohorizonte.com.br/cemiterio-parque-da-saudade
DINAMICO,
UBERLANDIA - FUNERÁRIA PLANO PIRAMIDE,https://coroafloresbelohorizonte.com.br/funeraria-plano-piramide
JUIZ DE FORA - MUNICIPAL,https://coroafloresbelohorizonte.com.br/cemiterio-municipal-de-juiz-de-fora
SANTA LUZIA - BELO VALE,https://coroafloresbelohorizonte.com.br/cemiterio-belo-vale
UBERLANDIA - FUNERÁRIA ANGELO CUNHA,https://coroafloresbelohorizonte.com.br/funeraria-angelo-cunha
UBERLANDIA - CAMPO DO BOM PASTOR,https://coroafloresbelohorizonte.com.br/cemiterio-campo-do-bom-pastor
UBERLANDIA - MUNICIPAL SÃO PEDRO,https://coroafloresbelohorizonte.com.br/cemiterio-municipal-sao-pedro
JUIZ DE FORA - PARQUE DA SAUDADE,https://coroafloresbelohorizonte.com.br/cemiterio-parque-da-saudade
JUIZ DE FORA - DA GLÓRIA,https://coroafloresbelohorizonte.com.br/cemiterio-da-gloria
UBERLANDIA - FUNERÁRIA PAZ UNIVERSAL,https://coroafloresbelohorizonte.com.br/funeraria-paz-universal
DINAMICO,
BELO HORIZONTE - MEMORIAL GUTIERREZ (NOVA PAGINA),https://coroafloresbelohorizonte.com.br/memorial-gutierrez
BELO HORIZONTE - FUNERÁRIA SANTA EDWIGES (NOVA PAGINA),https://coroafloresbelohorizonte.com.br/funeraria-santa-edwiges
VESPASIANO - PARQUE DA RESSURREICAO (NOVA PAGINA),https://coroafloresbelohorizonte.com.br/cemiterio-parque-da-ressurreicao
VESPASIANO - MEMORIAL ZELO (NOVA PAGINA),https://coroafloresbelohorizonte.com.br/memorial-zelo
SABARA - TERRA SANTA (NOVA PAGINA),https://coroafloresbelohorizonte.com.br/cemiterio-terra-santa
SABARA - SANTA CASA (NOVA PAGINA),https://coroafloresbelohorizonte.com.br/cemiterio-santa-casa
RIBEIRAO DAS NEVES - PORTO SEGURO (NOVA PAGINA),https://coroafloresbelohorizonte.com.br/cemiterio-porto-seguro
RIBEIRAO DAS NEVES - MEMORIAL ZELO (NOVA PAGINA),https://coroafloresbelohorizonte.com.br/grupo-zelo-unidade-funeraria
NOVA LIMA - CEMITERIO PARQUE (NOVA PAGINA),https://coroafloresbelohorizonte.com.br/cemiterio-parque-nova-lima
LAGOA SANTA - MEMORIAL ZELO (NOVA PAGINA),https://coroafloresbelohorizonte.com.br/memorial-zelo-lagoa-santa
LAGOA SANTA - CAMPO DA SAUDADE (NOVA PAGINA),https://coroafloresbelohorizonte.com.br/cemiterio-municipal-campo-da-saudade
IBIRITE - MEMORIAL ZELO (NOVA PAGINA),https://coroafloresbelohorizonte.com.br/memorial-ibirite-grupo-zelo
IBIRITE - CEMITERIO DO CANAL (NOVA PAGINA),https://coroafloresbelohorizonte.com.br/cemiterio-do-canal
DINÂMICO,
CONTAGEM - N. SRA. DA GLORIA (NOVA PAGINA),https://coroafloresbelohorizonte.com.br/cemiterio-nossa-senhora-da-gloria
CONTAGEM - CAPELA METROPAX (NOVA PAGINA),https://coroafloresbelohorizonte.com.br/metropax-eldorado
CONTAGEM - BOM JESUS (NOVA PAGINA),https://coroafloresbelohorizonte.com.br/cemiterio-bom-jesus
BRUMADINHO - PARQUE DAS ROSAS (NOVA PAGINA),https://coroafloresbelohorizonte.com.br/cemiterio-parque-das-rosas
BETIM - VELORIO MUNICIPAL ICAIVERAS (NOVA PAGINA),https://coroafloresbelohorizonte.com.br/velorio-municipal-icaiveras
BETIM - N. SRA. DO CARMO (NOVA PAGINA),https://coroafloresbelohorizonte.com.br/cemiterio-nossa-senhora-do-carmo
BETIM - JARDIM DA CACHOEIRA (NOVA PAGINA),https://coroafloresbelohorizonte.com.br/cemiterio-jardim-da-cachoeira
UBERLANDIA - PARQUE DOS BURITIS (NOVA PAGINA),https://coroafloresbelohorizonte.com.br/cemiterio-parque-dos-buritis
UBERLANDIA - OLAVO CHAVES (NOVA PAGINA),https://coroafloresbelohorizonte.com.br/cemiterio-olavo-chaves
JUIZ DE FORA - SAUDADE (NOVA PAGINA),https://coroafloresbelohorizonte.com.br/cemiterio-parque-da-saudade
JUIZ DE FORA - N. SRA. APARECIDA (NOVA PAGINA),https://coroafloresbelohorizonte.com.br/cemiterio-nossa-senhora-aparecida
IPATINGA - N. SRA. DA PAZ (NOVA PAGINA),https://coroafloresbelohorizonte.com.br/cemiterio-nossa-senhora-da-paz
IPATINGA - CEMITERIO DA PAZ (NOVA PAGINA),https://coroafloresbelohorizonte.com.br/cemiterio-da-paz
IPATINGA - FUNERAL HALL (NOVA PAGINA),https://coroafloresbelohorizonte.com.br/funeral-hall
IPATINGA - MEMORIAL ZELO (NOVA PAGINA),https://coroafloresbelohorizonte.com.br/memorial-zelo-ipatinga
IPATINGA - NOVA ALIANCA (NOVA PAGINA),https://coroafloresbelohorizonte.com.br/cemiterio-nova-alianca
IPATINGA - ANTONIO ANDRE GOMES (NOVA PAGINA),https://coroafloresbelohorizonte.com.br/cemiterio-antonio-andre-gomes
POUSO ALEGRE - SANTA EDWIGES (NOVA PAGINA),https://coroafloresbelohorizonte.com.br/cemiterio-santa-edwiges
POUSO ALEGRE - FERRACIOLI (NOVA PAGINA),https://coroafloresbelohorizonte.com.br/cemiterio-ferracioli
POUSO ALEGRE - JARDIM DO CEU (NOVA PAGINA),https://coroafloresbelohorizonte.com.br/cemiterio-jardim-do-ceu
MONTES CLAROS - SANTA CLARA (NOVA PAGINA),https://coroafloresbelohorizonte.com.br/cemiterio-santa-clara
MONTES CLAROS - AVELAR (NOVA PAGINA),https://coroafloresbelohorizonte.com.br/cemiterio-avelar
MONTES CLAROS - SANTA CASA MEMORIAL (NOVA PAGINA),https://coroafloresbelohorizonte.com.br/memorial-santa-casa-memorial
MONTES CLAROS - JARDIM DA ESPERANCA (NOVA PAGINA),https://coroafloresbelohorizonte.com.br/cemiterio-jardim-da-esperanca
SETE LAGOAS - MEMORIAL ZELO (NOVA PAGINA),https://coroafloresbelohorizonte.com.br/memorial-zelo-sete-lagoas
SETE LAGOAS - BOA VISTA (NOVA PAGINA),https://coroafloresbelohorizonte.com.br/cemiterio-boa-vista
SETE LAGOAS - PAX DE MINAS (NOVA PAGINA),https://coroafloresbelohorizonte.com.br/cemiterio-pax-de-minas
DIVINOPOLIS - PARQUE DA SERRA (NOVA PAGINA),https://coroafloresbelohorizonte.com.br/cemiterio-parque-da-serra
DIVINOPOLIS - MUNICIPAL DA PAZ (NOVA PAGINA),https://coroafloresbelohorizonte.com.br/cemiterio-municipal-da-paz
DIVINOPOLIS - DIVINO ESPIRITO SANTO (NOVA PAGINA),https://coroafloresbelohorizonte.com.br/cemiterio-divino-espirito-santo
CONSELHEIRO LAFAIETE - JARDIM DO EDEN (NOVA PAGINA),https://coroafloresbelohorizonte.com.br/cemiterio-jardim-do-eden
CONSELHEIRO LAFAIETE - SAO JORGE (NOVA PAGINA),https://coroafloresbelohorizonte.com.br/cemiterio-sao-jorge
CONSELHEIRO LAFAIETE - SAGRADO CORACAO (NOVA PAGINA),https://coroafloresbelohorizonte.com.br/cemiterio-sagrado-coracao
GOV. VALADARES - MEMORIAL PARK (NOVA PAGINA),https://coroafloresbelohorizonte.com.br/memorial-park-gov-valadares
UBERABA - FUNERARIA LIV (NOVA PAGINA),https://coroafloresbelohorizonte.com.br/funeraria-liv
UBERABA - MEMORIAL PARQUE (NOVA PAGINA),https://coroafloresbelohorizonte.com.br/memorial-parque
POCOS DE CALDAS - CEMITERIO PARQUE (NOVA PAGINA),https://coroafloresbelohorizonte.com.br/cemiterio-parque-pocos-de-caldas
POCOS DE CALDAS - SAUDADE (NOVA PAGINA),https://coroafloresbelohorizonte.com.br/cemiterio-saudade-pocos-de-caldas
ITABIRA - CEMITERIO DA PAZ (NOVA PAGINA),https://coroafloresbelohorizonte.com.br/cemiterio-da-paz-itabira
DINÂMICO,
SÃO JOÃO DO MERITI - SÃO JOÃO BATISTA,https://coroafloresriodejaneiro.com.br/cemiterio-sao-joao-batista-sao-joao-do-meriti
SÃO GONÇALO - SÃO GONÇALO,https://coroafloresriodejaneiro.com.br/cemiterio-israelita-de-sao-goncalo
SÃO JOÃO DO MERITI - VILA ROSALI,https://coroafloresriodejaneiro.com.br/cemiterio-vila-rosali
SÃO GONÇALO - PARQUE DA PAZ,https://coroafloresriodejaneiro.com.br/cemiterio-parque-da-paz-sao-goncalo
SÃO GONÇALO - SÃO LAZARO,https://coroafloresriodejaneiro.com.br/cemiterio-sao-lazaro-sao-goncalo
SÃO JOÃO DO MERITI - EDEN,https://coroafloresriodejaneiro.com.br/cemiterio-eden-sao-joao-do-meriti
NILÓPOLIS - NILÓPOLIS,https://coroafloresriodejaneiro.com.br/cemiterio-nilopolis-nilopolis
QUEIMADOS - QUEIMADOS,https://coroafloresriodejaneiro.com.br/cemiterio-queimados-queimados
MESQUITA - JARDIM DE MESQUITA,https://coroafloresriodejaneiro.com.br/cemiterio-jardim-de-mesquita
RIO DE JANEIRO - JARDIM DA SAUDADE PACIENCIA (NOVA PAGINA),https://coroafloresriodejaneiro.com.br/cemiterio-jardim-da-saudade-paciencia
RIO DE JANEIRO - ORDEM TERCEIRA DO CARMO (NOVA PAGINA),https://coroafloresriodejaneiro.com.br/cemiterio-memorial-do-carmo
RIO DE JANEIRO - SANTA CASSIA REAL PAX (NOVA PAGINA),https://coroafloresriodejaneiro.com.br/funeraria-brasil-pax
RIO DE JANEIRO - ORDEM 3A PENITENCIA (NOVA PAGINA),https://coroafloresriodejaneiro.com.br/crematorio-e-cemiterio-vertical-da-penitencia
RIO DE JANEIRO - NECROPOLE CAMPO SANTO (NOVA PAGINA),https://coroafloresriodejaneiro.com.br/cemiterio-necropole-do-campo-santo-vila-rio
RIO DE JANEIRO - SANTA CASA 24H (NOVA PAGINA),https://coroafloresriodejaneiro.com.br/assistencia-funeral-santa-casa-24-horas
RIO DE JANEIRO - SAO GERALDO (NOVA PAGINA),https://coroafloresriodejaneiro.com.br/funeraria-sao-geraldo
RIO DE JANEIRO - BOTAFOGO (NOVA PAGINA),https://coroafloresriodejaneiro.com.br/funeraria-botafogo
RIO DE JANEIRO - SANTA CASA MEIER (NOVA PAGINA),https://coroafloresriodejaneiro.com.br/santa-casa-agencia-meier
RIO DE JANEIRO - PRACA DA BANDEIRA (NOVA PAGINA),https://coroafloresriodejaneiro.com.br/funeraria-praca-da-bandeira
RIO DE JANEIRO - SALOMAO LISBOA (NOVA PAGINA),https://coroafloresriodejaneiro.com.br/assistencia-funeral-salomao-lisboa
RIO DE JANEIRO - SANTA CASA COPACABANA (NOVA PAGINA),https://coroafloresriodejaneiro.com.br/santa-casa-de-copacabana
RIO DE JANEIRO - BRASIL PAX (NOVA PAGINA),https://coroafloresriodejaneiro.com.br/funeraria-brasil-pax
RIO DE JANEIRO - PHOENIX (NOVA PAGINA),https://coroafloresriodejaneiro.com.br/funeraria-phoenix
SÃO JOÃO DE MERITI - ISRAELITA ROSALI (NOVA PAGINA),https://coroafloresriodejaneiro.com.br/cemiterio-israelita-de-vila-rosali
SÃO GONÇALO - PACHECO (NOVA PAGINA),https://coroafloresriodejaneiro.com.br/cemiterio-do-pacheco
SÃO GONÇALO - MUNICIPAL SAO MIGUEL (NOVA PAGINA),https://coroafloresriodejaneiro.com.br/cemiterio-municipal-sao-miguel
SÃO GONÇALO - MEMORIAL OAF (NOVA PAGINA),https://coroafloresriodejaneiro.com.br/memorial-oaf
SÃO GONÇALO - MEMORIAL NYCTEROY (NOVA PAGINA),https://coroafloresriodejaneiro.com.br/memorial-parque-nycteroy
SÃO GONÇALO - ISRAELITA (NOVA PAGINA),https://coroafloresriodejaneiro.com.br/cemiterio-israelita-de-sao-goncalo
SÃO GONÇALO - IPIIBA (NOVA PAGINA),https://coroafloresriodejaneiro.com.br/cemiterio-municipal-de-ipiiba
NOVA IGUAÇU - MARAPICU (NOVA PAGINA),https://coroafloresriodejaneiro.com.br/cemiterio-de-marapicu
NOVA IGUAÇU - FREGUESIA DA PIEDADE (NOVA PAGINA),https://coroafloresriodejaneiro.com.br/cemiterio-da-freguesia-da-piedade-do-iguacu
NOVA IGUAÇU - CARLOS SAMPAIO (NOVA PAGINA),https://coroafloresriodejaneiro.com.br/cemiterio-de-carlos-sampaio
NITERÓI - SAO FRANCISCO XAVIER (NOVA PAGINA),https://coroafloresriodejaneiro.com.br/cemiterio-sao-francisco-xavier
NITERÓI - SANTISSIMO SACRAMENTO (NOVA PAGINA),https://coroafloresriodejaneiro.com.br/cemiterio-da-irmandade-do-santissimo-sacramento
NITERÓI - PARQUE DA COLINA (NOVA PAGINA),https://coroafloresriodejaneiro.com.br/cemiterio-parque-da-colina-niteroi
NITERÓI - MARUÍ (NOVA PAGINA),https://coroafloresriodejaneiro.com.br/cemiterio-marui
NITERÓI - CAMPO DA PAZ (NOVA PAGINA),https://coroafloresriodejaneiro.com.br/memorial-campo-da-paz-crematorio-e-cemiterio-ecologico
NITERÓI - ARQUICONFRARIA CONCEICAO (NOVA PAGINA),https://coroafloresriodejaneiro.com.br/cemiterio-arquiconfraria-nossa-senhora-da-conceicao
MESQUITA - MUNICIPAL (NOVA PAGINA),https://coroafloresriodejaneiro.com.br/cemiterio-municipal-mesquita
MESQUITA - JARDIM DA SAUDADE (NOVA PAGINA),https://coroafloresriodejaneiro.com.br/cemiterio-jardim-da-saudade
MAGÉ - SANTO ALEIXO (NOVA PAGINA),https://coroafloresriodejaneiro.com.br/cemiterio-de-santo-aleixo
MAGÉ - RAIZ DA SERRA (NOVA PAGINA),https://coroafloresriodejaneiro.com.br/cemiterio-de-raiz-da-serra
MAGÉ - N. SRA. PIEDADE I (NOVA PAGINA),https://coroafloresriodejaneiro.com.br/cemiterio-nossa-senhora-da-piedade-unidade-i
MAGÉ - DA CIDADE (NOVA PAGINA),https://coroafloresriodejaneiro.com.br/cemiterio-da-cidade
MAGÉ - BONGABA (NOVA PAGINA),https://coroafloresriodejaneiro.com.br/cemiterio-de-bongaba
ITABORAÍ - SAMBAETIBA (NOVA PAGINA),https://coroafloresriodejaneiro.com.br/cemiterio-municipal-de-sambaetiba
ITABORAÍ - PORTO DAS CAIXAS (NOVA PAGINA),https://coroafloresriodejaneiro.com.br/cemiterio-municipal-de-porto-das-caixas
ITABORAÍ - ITAPACORA (NOVA PAGINA),https://coroafloresriodejaneiro.com.br/cemiterio-municipal-de-itapacora
ITABORAÍ - ITAMBI (NOVA PAGINA),https://coroafloresriodejaneiro.com.br/cemiterio-municipal-de-itambi
ITABORAÍ - CREMATORIO OAF (NOVA PAGINA),https://coroafloresriodejaneiro.com.br/crematorio-oaf
DUQUE DE CAXIAS - XEREM (NOVA PAGINA),https://coroafloresriodejaneiro.com.br/cemiterio-de-xerem
DUQUE DE CAXIAS - TAQUARA FATIMA (NOVA PAGINA),https://coroafloresriodejaneiro.com.br/cemiterio-nossa-senhora-de-fatima-taquara
DUQUE DE CAXIAS - PUBLICO (NOVA PAGINA),https://coroafloresriodejaneiro.com.br/cemiterio-publico-de-duque-de-caxias
DUQUE DE CAXIAS - N. SRA. GRACAS TANQUE (NOVA PAGINA),https://coroafloresriodejaneiro.com.br/cemiterio-nossa-senhora-das-gracas
DUQUE DE CAXIAS - N. SRA. GRACAS (NOVA PAGINA),https://coroafloresriodejaneiro.com.br/cemiterio-nossa-senhora-das-gracas
DUQUE DE CAXIAS - N. SRA. DO BELEM (NOVA PAGINA),https://coroafloresriodejaneiro.com.br/cemiterio-de-nossa-senhora-do-belem
BELFORD ROXO - SOLIDÃO (NOVA PAGINA),https://coroafloresriodejaneiro.com.br/cemiterio-de-belford-roxo-solidao
BELFORD ROXO - RIO PAX (NOVA PAGINA),https://coroafloresriodejaneiro.com.br/rio-pax-unidade-belford-roxo
BELFORD ROXO - MUNICIPAL (NOVA PAGINA),https://coroafloresriodejaneiro.com.br/cemiterio-municipal-belford-roxo
BELFORD ROXO - ISRAELITA (NOVA PAGINA),https://coroafloresriodejaneiro.com.br/cemiterio-israelita-de-belford-roxo-chevra-kadisha
VOLTA REDONDA - PORTAL DA SAUDADE (NOVA PAGINA),https://coroafloresriodejaneiro.com.br/cemiterio-portal-da-saudade
VOLTA REDONDA - CAPELA MUNICIPAL (NOVA PAGINA),https://coroafloresriodejaneiro.com.br/capela-municipal
CAMPOS - CAMPO DA PAZ (NOVA PAGINA),https://coroafloresriodejaneiro.com.br/cemiterio-campo-da-paz
CAMPOS - CAJU (NOVA PAGINA),https://coroafloresriodejaneiro.com.br/cemiterio-caju
PETRÓPOLIS - OSWALDO CRUZ (NOVA PAGINA),https://coroafloresriodejaneiro.com.br/funeraria-oswaldo-cruz
PETRÓPOLIS - RUY LIGEIRO (NOVA PAGINA),https://coroafloresriodejaneiro.com.br/plano-de-assistencia-funeral-ruy-ligeiro
PETRÓPOLIS - VITAL LIGEIRO (NOVA PAGINA),https://coroafloresriodejaneiro.com.br/plano-de-assistencia-funeral-vital-ligeiro
PETRÓPOLIS - MUNICIPAL (NOVA PAGINA),https://coroafloresriodejaneiro.com.br/cemiterio-municipal-de-petropolis
PETRÓPOLIS - ENVIDA RIO (NOVA PAGINA),https://coroafloresriodejaneiro.com.br/funeraria-envida-rio
PETRÓPOLIS - CASA MUSSEL (NOVA PAGINA),https://coroafloresriodejaneiro.com.br/funeraria-casa-mussel
PETRÓPOLIS - CAPIXABA (NOVA PAGINA),https://coroafloresriodejaneiro.com.br/funerarias-capixaba
DINAMICO,
BELO HORIZONTE - PREVENIR (NOVA PAGINA),https://coroafloresbelohorizonte.com.br/funeraria-prevenir
BELO HORIZONTE - FUNERÁRIA CENTRAL (NOVA PAGINA),https://coroafloresbelohorizonte.com.br/funeraria-central-belo-horizonte
MARICÁ - MUNICIPAL (NOVA PAGINA),https://coroafloresriodejaneiro.com.br/cemiterio-municipal-marica
SAQUAREMA - MUNICIPAL (NOVA PAGINA),https://coroafloresriodejaneiro.com.br/cemiterio-municipal-saquarema
SAQUAREMA - SAMPAIO CORRÊA (NOVA PAGINA),https://coroafloresriodejaneiro.com.br/cemiterio-sampaio-correa
ARARUAMA - MUNICIPAL (NOVA PAGINA),https://coroafloresriodejaneiro.com.br/cemiterio-municipal-araruama
SÃO PEDRO DA ALDEIA - JARDIM PARK SAUDADE (NOVA PAGINA),https://coroafloresriodejaneiro.com.br/cemiterio-jardim-park-saudade
CABO FRIO - MUNICIPAL (NOVA PAGINA),https://coroafloresriodejaneiro.com.br/cemiterio-municipal-cabo-frio
BÚZIOS - MUNICIPAL (NOVA PAGINA),https://coroafloresriodejaneiro.com.br/cemiterio-municipal-buzios
TANGUÁ - MUNICIPAL (NOVA PAGINA),https://coroafloresriodejaneiro.com.br/cemiterio-municipal-tangua
CACHOEIRA DE MACACU - MUNICIPAL (NOVA PAGINA),https://coroafloresriodejaneiro.com.br/cemiterio-municipal-cachoeira-de-macacu
DINAMICO,
DINAMICO,
